first_name,last_name,age,gender,skills,married
Madelaine,Druett,53,Female,jump,true
Korney,Skelhorn,29,Female,swim,false
Hilario,Haughian,41,Polygender,swim,true
Waldo,Beldum,42,Male,swim,false
Rebe,Nell,79,Female,jump,true
Mack,Rotchell,66,Male,run,true
Jean,Absolom,66,Male,dance,true
Pablo,Cromarty,35,Non-binary,run,false
Beatrix,Ethridge,48,Female,swim,true
Cortney,McGreay,36,Female,jump,true
Andriette,Lung,36,Female,swim,false
Agathe,Kiellor,78,Female,swim,true
Craggy,Sedgebeer,35,Male,run,false
Abbe,Botten,49,Male,jump,false
Desiri,Gottelier,84,Female,run,false
Ana,Caldera,98,Female,dance,true
Fernanda,Barkaway,61,Polygender,dance,false
Christan,Conibear,79,Female,jump,true
Haslett,Pfiffer,61,Male,run,true
Morganne,McPhelim,33,Female,dance,true
Olvan,Ascroft,95,Male,run,true
Giorgio,Balaison,20,Male,swim,true
Mindy,Olner,72,Female,dance,true
Umeko,Lewcock,58,Female,dance,false
Reena,Grindley,54,Female,run,true
Alonzo,Bozier,67,Male,swim,true
Lynea,Haking,16,Female,swim,true
Luisa,Keeton,72,Female,jump,true
Lissie,Giovanetti,87,Female,dance,false
Brandtr,Altamirano,94,Male,jump,true
Renata,Emblem,22,Female,run,false
Gerta,Witard,28,Female,dance,true
Arturo,Piggrem,93,Male,swim,true
Giacomo,Marchiso,31,Male,dance,true
Mayne,Niave,81,Male,dance,true
Tedman,Dronsfield,66,Male,dance,false
Kevyn,Guyet,96,Female,dance,false
Antonino,Tribell,87,Male,swim,true
Alexandre,Ferriby,62,Male,swim,false
Sal,Cornock,75,Female,run,false
Charis,Gillmore,24,Female,swim,false
Cleve,Brasse,100,Male,jump,false
Pen,Judd,89,Male,dance,false
Winston,Rimington,55,Genderqueer,dance,false
Elise,Roux,71,Female,run,false
Estelle,Hencke,47,Female,swim,false
Jessamyn,Gaukrodge,30,Female,jump,true
Bernadene,Baversor,42,Female,swim,false
Dan,Ralestone,86,Male,swim,false
Amelina,Lahrs,23,Female,jump,false
Petronia,Harkins,28,Female,run,true
Urban,Rhoades,68,Male,run,false
Agretha,Benley,86,Female,swim,false
Lock,Maruska,51,Male,dance,true
Gavrielle,Machans,80,Bigender,dance,false
Randy,Rosengarten,14,Male,dance,false
Chere,Baxendale,99,Female,dance,false
Maurene,Scrowton,49,Female,jump,false
Anders,Wheldon,78,Male,swim,false
Kinna,Pegram,85,Female,dance,true
Joannes,Moss,21,Female,jump,true
Ashbey,Lyons,66,Male,jump,false
Beverly,Chavey,55,Female,run,false
Renell,Guinnane,78,Female,jump,true
Gwynne,Sayes,34,Female,dance,true
Hastings,Whyborn,30,Male,run,true
Kaiser,Aitkenhead,95,Male,dance,true
Samara,Connors,51,Female,swim,false
Sallyann,Ornelas,100,Female,jump,false
Justino,Slott,70,Male,swim,true
Sena,Gerrill,11,Female,run,false
Randolph,Estoile,12,Male,swim,true
Sollie,de Banke,69,Male,dance,false
Paolina,Ferraraccio,27,Female,run,false
Constancia,Musselwhite,55,Female,run,false
Rhea,Wilderspoon,36,Female,jump,false
Adolf,Thornebarrow,46,Male,run,false
Jarid,Lovelady,17,Genderfluid,jump,false
Jolene,Morstatt,89,Female,run,false
Glynda,Fairman,16,Female,dance,false
Letitia,Eskriett,77,Non-binary,run,false
Dolph,Van Der Weedenburg,92,Male,dance,true
Penni,Stean,58,Female,dance,false
Darrelle,Henlon,14,Female,dance,false
Byram,Fauguel,18,Male,jump,true
Halley,Bearn,66,Female,swim,false
Paule,Boylan,100,Female,swim,false
Minor,Smurthwaite,30,Male,jump,true
Erwin,McClurg,33,Male,dance,false
Washington,Caser,10,Male,dance,false
Mallory,Milligan,52,Male,dance,true
Kellen,Jessen,45,Male,swim,true
Horton,Kynder,81,Male,dance,false
Davin,De Simone,52,Male,swim,false
Honor,Cardenoza,14,Female,jump,true
Elwood,Rosas,91,Male,dance,false
Eldredge,Stanley,53,Male,run,false
Milli,Cordie,25,Female,dance,true
Jacynth,Boxhill,50,Female,dance,true
Adrianne,Leversha,28,Female,swim,false
Danika,Figgins,80,Female,run,true
Tara,Pilipets,13,Female,run,false
Marjorie,Brolly,96,Female,jump,true
Massimiliano,Capp,78,Non-binary,dance,false
Ursula,Deamer,56,Female,run,false
Guenevere,Goulter,15,Female,swim,true
Hussein,Ballsdon,56,Male,swim,true
Fancie,Gobbet,48,Female,dance,true
Dorie,Matchell,14,Female,dance,true
Elyse,Dalgliesh,48,Female,jump,true
Matthiew,Grady,70,Male,dance,true
Engracia,Mc Carroll,29,Female,dance,true
Maxy,Denniston,61,Male,run,false
Frants,Jehaes,68,Male,swim,true
Sibel,Standfield,30,Female,jump,false
Deeann,Yurenev,73,Female,swim,true
Millisent,Bard,56,Female,swim,false
Jojo,Persicke,21,Female,dance,false
Mikel,Perrington,48,Male,run,false
Liesa,Fawltey,90,Polygender,run,false
Marve,Kitney,35,Male,jump,false
Callida,Tesmond,67,Female,run,true
Pierre,Dome,21,Male,dance,false
Elianore,Titlow,41,Female,run,false
Jillian,Drains,89,Female,jump,true
Katie,Lisciardelli,52,Female,run,true
Merralee,Manach,66,Bigender,dance,false
Cleveland,Bedminster,96,Male,jump,true
Sallyanne,Bilyard,94,Female,jump,false
Horace,Mushawe,72,Male,dance,true
Gilly,Stanton,23,Female,swim,true
Vernen,Esch,67,Male,swim,true
Joscelin,Isack,56,Female,jump,false
Matthus,Steynor,90,Genderfluid,jump,true
Desmund,Livesley,62,Male,swim,true
Iggie,Yashaev,47,Male,dance,true
Sidney,Abbys,57,Male,swim,true
Nelle,Parlott,73,Female,run,false
Kipp,Stanworth,58,Male,run,false
Jarid,Peabody,37,Male,dance,true
Genvieve,Camellini,27,Female,run,false
Maurizia,Babbidge,94,Female,jump,true
Beth,Hearne,59,Female,jump,true
Oates,Mahon,22,Male,run,true
Lissa,Killingworth,14,Female,swim,false
Sigismond,Trythall,21,Bigender,run,false
Jennilee,Fulkes,64,Female,dance,false
Shay,Gare,57,Non-binary,run,true
Nert,Coull,30,Female,swim,true
Josee,O'Malley,78,Female,jump,false
Ingelbert,Cohan,47,Male,run,false
Ruthy,Maplestone,97,Female,swim,false
Kristopher,McGeaney,10,Genderqueer,jump,true
Jemie,Ashcroft,43,Female,dance,true
Marie-jeanne,Larne,60,Female,run,true
Ganny,Girdler,19,Male,run,true
Marta,Djekovic,66,Female,run,false
Lorianna,McDill,56,Female,swim,true
Sabrina,Bakster,92,Female,dance,true
Lindsay,Olensby,50,Male,dance,true
Michaelina,Whorton,71,Female,swim,true
Orin,Coney,92,Male,jump,false
Hilary,Stuckey,30,Male,run,true
Slade,Teenan,82,Male,dance,false
Renado,Hatchell,66,Male,dance,false
Devlen,Smedmoor,69,Male,run,true
Garvin,Jewitt,74,Genderfluid,swim,true
Bartholomeus,Ox,43,Male,swim,false
Lucia,Sturgeon,65,Genderqueer,swim,false
Curt,Worshall,74,Male,dance,true
Bobbee,Selliman,59,Female,swim,true
Ralina,Urwin,50,Female,swim,true
Welch,Delacroux,33,Male,run,true
Winifield,Paulmann,89,Male,run,true
Merle,Corradi,21,Female,run,false
Agna,Dukes,35,Female,swim,true
Shel,Barstock,80,Female,jump,false
Barde,Streeton,82,Male,jump,false
Calv,Tarply,99,Male,run,false
Den,Aldred,11,Male,dance,false
Shae,Vagg,12,Male,dance,true
Johnny,Clingoe,20,Male,run,false
Warden,Sheahan,21,Male,run,false
Emalia,Strathdee,43,Female,swim,false
Maria,Lineham,17,Female,run,true
Fulvia,Josefsohn,28,Female,jump,false
Melodee,Rumens,60,Female,run,true
Obadias,Temperley,15,Male,dance,true
Tabby,Gulleford,61,Male,run,true
Marena,Dunleavy,74,Female,jump,true
Clare,Long,66,Female,jump,true
Nedi,Shanks,41,Genderqueer,swim,true
Corny,Matityahu,20,Female,swim,false
Taddeusz,Wraggs,44,Agender,dance,true
Alfy,Headon,98,Female,swim,false
Milton,Eastcourt,34,Male,swim,false
Agustin,Johnigan,60,Male,dance,false
Vikky,Tennock,91,Female,swim,false
Engelbert,Abrahmovici,73,Male,jump,true
Keslie,Jenne,37,Female,swim,true
Ronnica,Johnigan,24,Female,jump,true
Ruthanne,Sperski,62,Female,swim,true
Rochella,Claire,40,Genderfluid,dance,true
Grantley,Comerford,95,Male,jump,true
Alastair,Skey,53,Male,swim,true
Hailee,Chrippes,17,Female,jump,true
Gil,Vasic,74,Male,swim,false
Arie,MacCarrane,44,Male,run,false
Fayette,Marde,94,Female,swim,true
Salomi,Pethick,12,Non-binary,swim,true
Mandel,Minerdo,26,Male,jump,false
Burnaby,Hackworthy,77,Polygender,dance,true
Mirabella,Greatham,12,Female,run,true
Roth,Caulcutt,49,Male,run,true
Emilie,Bolsover,90,Female,swim,false
Tallia,Collman,98,Female,dance,false
Cristine,Carden,38,Agender,dance,true
Shara,Finnigan,94,Female,swim,false
Ade,Thresher,15,Male,jump,true
Jewelle,Jan,77,Female,jump,true
Anthiathia,Maccaddie,51,Female,run,false
Shantee,Gethin,73,Female,dance,false
Colene,Cowan,32,Female,dance,false
Jeremias,Olkowicz,52,Genderqueer,run,true
Lannie,Ambrozewicz,85,Male,swim,true
Lay,Davion,91,Male,swim,false
Dwight,Kemish,46,Male,run,false
Allayne,Goodbarne,65,Genderfluid,jump,true
Lana,Brabyn,70,Polygender,swim,false
Lorie,McDermott-Row,100,Female,run,false
Augustus,Clausner,99,Male,dance,true
Ibby,Risdall,43,Female,dance,true
Lalo,Bernardoni,28,Male,jump,false
Ive,Purveys,93,Male,run,false
Irwinn,Rowbotham,66,Male,dance,true
Court,Camplen,95,Male,dance,true
Pearle,Roizn,69,Female,dance,true
Karita,McMurty,97,Female,jump,false
Terrence,Bealton,25,Male,swim,false
Marietta,Boothe,84,Genderqueer,jump,true
Vaughn,Hamon,100,Male,jump,false
Hallie,Coot,27,Female,run,false
Maurizio,Hobson,73,Male,dance,false
Stern,Vagges,38,Male,run,false
Genvieve,Boshere,83,Female,swim,true
Hillie,Moat,12,Male,run,false
Minerva,Saile,86,Genderqueer,swim,false
Lew,Bibey,69,Male,dance,false
Elle,McMenamie,52,Female,swim,true
Thibaud,Firbank,52,Male,swim,true
Waiter,Attewell,80,Male,swim,false
Joan,De Gregario,82,Female,run,true
Yule,Sterman,94,Male,jump,true
Lynette,Maunders,55,Female,dance,false
Silas,Nafziger,56,Male,dance,false
Prinz,Skoggings,35,Male,jump,true
Martainn,Berrie,37,Bigender,dance,false
Bessy,Milby,45,Female,swim,false
Glenn,Ramme,87,Male,run,false
Kissee,Norrington,67,Female,swim,true
Alameda,Spaight,72,Female,swim,true
Rudd,Allabarton,22,Male,run,true
Daffy,Doxey,84,Female,jump,true
Katalin,Ferrero,73,Female,swim,false
Hillyer,Jouhandeau,39,Male,run,true
Felike,Georgel,66,Male,swim,true
Kevan,Gut,94,Male,swim,true
Lisette,Beste,38,Female,swim,true
Arlen,Clucas,67,Female,run,true
Christan,Hanssmann,18,Genderfluid,swim,false
Mada,Halsey,20,Bigender,run,true
Minerva,Hache,73,Female,swim,false
Emelyne,Fellgatt,57,Non-binary,jump,true
Wilhelmina,Haet,71,Female,swim,false
Mauricio,Gaggen,27,Male,jump,true
Otho,Gosselin,25,Male,run,false
Melli,Trappe,81,Female,jump,true
Kippie,Scotchforth,69,Male,swim,true
Udale,Povey,29,Male,run,true
Addie,Cookley,72,Female,jump,false
Felicity,Dilleston,57,Female,jump,false
Lemmie,Anchor,39,Male,run,false
Rufe,Storch,56,Male,run,true
Alric,Burnall,35,Male,run,true
Judith,Routham,30,Female,run,true
Karlotta,McCritichie,26,Polygender,run,true
Lazar,Thomsson,47,Male,jump,true
Nonnah,Daykin,31,Female,swim,true
Jilly,Kmiec,23,Female,run,true
Hollie,Bottjer,49,Female,jump,true
Welbie,Hammonds,50,Male,run,false
Donelle,Blackler,31,Female,dance,false
Eli,Defew,56,Male,jump,true
Lissie,Ownsworth,27,Female,run,true
Jessy,Gierhard,28,Female,run,true
Feodor,Divill,23,Male,swim,true
Fowler,Tofanelli,93,Male,jump,false
Jonathan,Alejandre,70,Male,swim,true
Nicky,Gaul,11,Male,jump,false
Kiele,Dawkins,19,Female,jump,false
Corrianne,Beak,57,Genderfluid,run,true
Dory,Blodgetts,26,Female,swim,true
Sheelagh,Kretchmer,73,Female,jump,true
Grantley,Pridham,10,Male,swim,true
Cully,Postans,79,Male,run,true
Lowrance,Eustes,95,Male,dance,true
Udall,Loosmore,56,Male,swim,true
Letizia,Pawelek,91,Female,swim,false
Samantha,O'Gleasane,27,Female,run,true
Anatol,Bratt,33,Male,jump,false
Shurwood,Swoffer,87,Male,dance,true
Cris,O'Loughnan,59,Male,swim,true
Margi,Altoft,73,Female,swim,false
Mirna,Buxcey,48,Female,jump,true
Corny,Dorr,93,Male,jump,true
Liv,Biasioni,65,Female,swim,false
Nickie,Filippozzi,89,Male,run,false
Rafaela,Colaco,83,Female,swim,false
Corney,Yoseloff,62,Male,swim,true
Bruno,Spikings,53,Male,dance,false
Alia,Silverson,50,Female,run,true
Effie,Burfoot,36,Female,jump,true
Delmor,McNaught,33,Male,run,false
Baily,Gurling,75,Male,dance,true
Consalve,Winsom,28,Male,jump,true
Magda,Garthland,59,Female,run,true
Shel,Ysson,52,Bigender,run,true
Sylvia,Beckinsale,46,Female,dance,true
Katherina,Kidstoun,52,Female,jump,false
Antons,Goldingay,60,Male,dance,true
Adi,Mabbott,28,Female,jump,true
Larisa,Delyth,35,Female,run,true
Chrisy,Romanelli,85,Male,run,true
Linda,Claesens,55,Female,swim,true
Seka,Eary,78,Female,swim,false
Bren,Roncelli,86,Male,run,true
Stillmann,Kleint,66,Male,run,true
Davina,Duckers,58,Female,jump,false
Trevor,Freeland,82,Male,swim,false
Barry,Freer,24,Male,swim,false
Lisabeth,Schaben,81,Agender,jump,false
Nickie,Raden,95,Female,dance,true
Darcee,Lamberts,28,Genderfluid,jump,true
Zorina,Ellerker,47,Female,dance,false
Fredra,Grealey,47,Female,dance,true
Diarmid,Bissex,85,Male,jump,true
Adrea,Espada,40,Female,swim,true
Nonna,Graalman,29,Female,jump,false
Georgetta,Winckworth,78,Non-binary,swim,true
Golda,Markussen,27,Genderqueer,swim,true
Courtney,Loud,26,Male,dance,false
Hashim,Desantis,43,Non-binary,dance,true
Emmalyn,Cordaroy,55,Female,swim,false
Diahann,Petera,15,Female,jump,false
Lynette,Battin,69,Female,run,false
Cris,Jan,53,Male,jump,false
Vladamir,Scarisbrick,59,Male,jump,true
Desi,Whinray,35,Male,dance,false
Pooh,Newick,75,Male,dance,false
Julius,O'Shaughnessy,69,Male,run,false
Meredithe,Batkin,45,Polygender,run,true
Vanna,Gaynes,12,Female,swim,true
Katerina,Fellis,45,Female,swim,false
Ody,Monelli,54,Male,swim,false
Christiane,Willan,52,Agender,dance,true
Dyna,Hacard,22,Female,run,false
Mona,Cusick,99,Female,run,false
Osmond,Largent,71,Male,dance,true
Delmer,Trewhitt,19,Male,swim,true
Ealasaid,Pressland,31,Female,run,true
Shea,Sandon,45,Male,dance,true
Leela,Abdie,63,Female,swim,false
Roseanne,Kloisner,53,Female,dance,true
Eldridge,Skillings,83,Male,swim,false
Tommie,Mellody,58,Male,swim,true
Sibyl,Longega,12,Female,dance,true
Jennee,Vell,37,Non-binary,dance,true
Godard,Sprowle,72,Male,run,true
Franchot,Franklin,93,Male,swim,false
Keary,Tracy,35,Male,jump,false
Lynnette,Gotter,10,Female,jump,false
Annie,Ceschini,57,Female,run,false
Zia,Threadgall,77,Female,dance,true
Brenn,Skidmore,69,Female,swim,true
Jamie,Ilive,57,Female,jump,false
Sampson,Morando,26,Male,dance,false
Sandye,Lean,93,Female,swim,true
Felecia,Hibbart,85,Female,swim,false
Lyndsey,Halladey,27,Female,run,false
Derron,Westnedge,37,Male,run,true
Violette,Hassin,47,Female,jump,false
Miller,Marskell,92,Male,run,false
Albina,Toynbee,36,Female,dance,false
Henryetta,Paulus,71,Female,run,false
Virgil,Steljes,98,Genderfluid,run,true
Armand,Tine,32,Non-binary,dance,true
Othelia,Niccols,35,Bigender,jump,false
Nana,Jachimczak,28,Female,dance,false
Thomasin,Lingley,17,Female,dance,true
Hughie,Furmagier,39,Male,run,true
Bessy,Andraud,28,Agender,jump,false
Saudra,Alvy,58,Female,dance,true
Clevie,Bannester,100,Male,dance,true
Eldridge,Esch,42,Male,jump,true
Gregg,Blankhorn,98,Male,run,false
Dinny,Wylie,54,Female,jump,false
Laney,Elsey,53,Male,swim,false
Jasen,Feathersby,74,Male,dance,true
Marsh,Westfalen,98,Male,swim,true
Nyssa,Tiplady,83,Female,jump,true
Farrell,Beeson,96,Male,dance,false
Holly,Agglione,73,Female,swim,false
Edvard,Blissitt,70,Male,jump,false
Brander,Titman,74,Male,swim,true
Freddy,Goodall,72,Male,run,false
Aggie,Vennings,80,Female,run,false
Reider,Kiraly,19,Male,jump,true
Krishna,Stivens,18,Male,run,false
Dorris,Leah,33,Female,swim,false
Rawley,Balch,96,Male,jump,true
Dasie,Licciardo,21,Female,run,false
Joan,Scudder,11,Female,run,true
Dame,Coley,93,Polygender,swim,true
April,Fawdery,11,Female,jump,false
Rhiamon,Kinghorn,83,Female,run,true
Carey,Quenell,84,Female,jump,false
Rosene,Gooderidge,69,Female,run,true
Kalinda,Tockell,99,Non-binary,jump,true
Randall,Grant,70,Male,swim,true
Angelita,Ell,84,Female,run,true
Kelsey,Ballingal,74,Male,run,true
Konrad,Iceton,62,Male,swim,false
Tally,Warbrick,63,Bigender,run,true
Torrence,Paolone,17,Male,dance,true
Zechariah,McNab,29,Male,swim,true
Lonna,Concannon,75,Bigender,jump,true
Glenn,Marshalleck,40,Genderfluid,swim,true
Raffaello,Hallums,23,Male,dance,false
Dorothea,Zavittieri,18,Female,jump,true
Nester,Soper,17,Male,dance,false
Eli,Olczyk,59,Male,swim,false
Raychel,Wollaston,94,Female,run,true
Elizabeth,Grouse,100,Female,run,true
Gusta,Benstead,100,Female,swim,true
Allayne,Bettison,21,Male,run,false
Mallissa,Buttrick,76,Female,run,false
Shaughn,Kobisch,27,Male,run,true
Auroora,Gravenor,70,Female,jump,false
Dorian,Tirrell,97,Female,jump,false
Georg,Clemanceau,28,Male,jump,true
Angele,Bartley,81,Female,swim,true
Dannel,Haigh,30,Male,run,true
Julia,Crayke,96,Bigender,dance,true
Glenda,Leslie,90,Female,jump,false
Celka,Mate,62,Female,run,false
Tate,Backhouse,35,Agender,jump,false
Demetris,Cowley,59,Male,run,false
Emmanuel,Mackrell,10,Male,swim,false
Emmalynne,Cobbold,45,Female,run,true
Dagmar,Matthiesen,76,Female,swim,true
Slade,Foulcher,37,Male,dance,false
Bertine,Cumberlidge,29,Female,dance,false
Vick,Jimson,13,Male,dance,true
Merell,Shorthouse,91,Male,swim,true
Vina,Colbourn,21,Female,run,false
Javier,Pollington,33,Male,jump,false
Caesar,Stanlake,42,Male,swim,false
Artus,Aggio,53,Male,jump,true
Alexio,Howle,57,Male,jump,true
Garreth,Finnemore,56,Male,swim,false
Matthiew,ducarme,100,Male,jump,false
Cristy,Whytock,69,Female,jump,false
Giles,De Mitri,71,Male,swim,true
Eimile,Poter,19,Female,run,false
Carmen,Ferronet,44,Female,jump,false
Benetta,Alkins,88,Female,run,true
Louie,Aronstam,28,Male,swim,true
Therese,Pawling,90,Genderqueer,jump,false
Husein,Bruhnicke,76,Non-binary,jump,false
Blair,Hearnaman,100,Female,jump,false
Rufus,Kinner,51,Genderqueer,jump,true
Carlynn,Robeiro,35,Agender,dance,true
Timmy,Willicott,51,Female,jump,true
Gabriel,Dahlen,83,Male,dance,true
Mortimer,Jillions,77,Polygender,run,false
Gawain,Haskell,15,Male,jump,false
Chrotoem,Gilhool,53,Male,run,false
Magdalene,Tomley,33,Female,jump,true
Nedda,Dicker,39,Female,jump,false
Heinrick,Aiken,34,Male,swim,true
Lars,Middlehurst,76,Male,swim,true
Ursulina,Okill,67,Female,jump,true
Queenie,Batson,96,Female,dance,true
Kizzee,Haskett,55,Female,swim,false
Vanni,Schrir,11,Female,dance,true
Si,Gavrieli,49,Male,swim,true
Rebbecca,Conor,56,Female,swim,true
Birk,Mathivet,76,Polygender,swim,false
Luigi,Hewins,25,Male,swim,false
Caz,Seago,97,Male,swim,true
Jolee,Jeannot,93,Female,run,true
Dorette,Whacket,38,Female,run,false
Gordy,Gristwood,14,Male,swim,true
Sisile,Eisenberg,18,Female,jump,false
Brit,Almeida,11,Male,swim,false
Dyan,Jarley,50,Female,run,false
Giulia,Utridge,42,Female,swim,false
Con,Roblin,15,Male,run,false
Lizzie,Custy,51,Female,run,true
Gabbey,Thominga,92,Female,jump,false
Claus,Seccombe,34,Male,run,true
Mahala,Joberne,12,Female,dance,true
Alexia,Horsted,78,Female,swim,false
Jens,Lambird,54,Male,jump,true
Felicle,Lambertini,90,Female,run,true
Darcy,Butterly,66,Male,dance,false
Humfrey,Pagel,100,Male,swim,true
Elenore,Shew,78,Female,dance,false
Suzette,Lovatt,83,Female,swim,true
Zondra,Killick,82,Female,jump,false
Ragnar,Ashford,77,Male,jump,true
Reba,Wrefford,88,Female,jump,false
Mart,Vezey,99,Male,run,true
Hart,Seamans,72,Male,run,true
Gerianne,Dunkerton,13,Female,dance,true
Natala,Churchlow,55,Female,jump,true
Lowell,Junkison,91,Male,jump,true
Mart,Ballaam,57,Male,dance,true
Ryley,Basketter,52,Male,run,true
Elisabeth,Perring,54,Female,run,true
Myra,Baselio,53,Female,dance,true
Nikolos,Livsey,67,Male,swim,true
Heddi,Parcells,95,Female,swim,false
Cally,Iacovides,27,Female,run,true
Berget,Murfett,75,Female,dance,true
Bourke,Banaszczyk,94,Bigender,run,false
Aylmer,Torricina,94,Male,dance,false
Romonda,Kerry,54,Female,run,true
Rodolph,Woodwind,83,Male,swim,true
Mike,Logesdale,75,Male,run,false
Mildred,Reggler,74,Female,swim,true
Dav,Fergyson,63,Male,swim,false
Lolly,Wudeland,20,Female,swim,true
Moise,Siddon,14,Male,run,true
Andonis,Gammill,58,Male,run,true
Jess,Moff,22,Female,jump,true
Dreddy,Omrod,34,Female,run,false
Gus,Culter,97,Female,dance,true
Kevon,Villar,16,Male,jump,false
Pyotr,Longden,18,Male,run,false
Angus,Yarrell,70,Male,dance,false
Danyette,Dron,28,Female,swim,false
Shannan,Ricart,70,Male,dance,true
Sheena,Gabitis,76,Female,run,false
Angus,Comiam,16,Male,jump,true
Randell,Maulin,56,Male,run,false
Joshua,Boarer,59,Male,run,true
Dorolisa,Swindon,37,Female,swim,false
Libbey,Bernollet,36,Female,swim,true
Johannah,Streat,10,Female,jump,false
Domingo,Alessandrucci,57,Male,swim,true
Filbert,Vannah,15,Agender,jump,true
Reggi,Buttler,83,Genderfluid,swim,false
Aile,MacCague,41,Genderqueer,run,true
Aland,Du Hamel,94,Male,jump,false
Riordan,Innwood,12,Male,jump,true
Carmon,Holton,64,Female,swim,false
Welby,Wanka,53,Male,jump,true
Jerrie,Colquit,23,Male,dance,false
Igor,Lansdowne,58,Male,dance,true
Benedikta,Stenhouse,38,Agender,swim,false
Eda,Huzzey,86,Female,dance,false
Valerye,Picopp,63,Female,jump,true
Guinevere,Gavaran,57,Female,dance,true
Devina,Lettice,24,Female,jump,false
Arri,Barnewell,29,Polygender,swim,true
Simon,Lavin,79,Bigender,dance,true
Clyve,McCutheon,74,Male,run,true
Sonja,Coule,91,Female,jump,true
Joletta,Akister,89,Female,dance,false
Allissa,Uttermare,45,Female,run,false
Jobina,Cheel,98,Female,run,true
Wade,Thorrold,97,Male,run,false
Guy,Eddicott,21,Male,swim,true
Emogene,Splevins,14,Female,run,false
Wald,Dykes,68,Male,jump,true
Goldarina,Saltman,51,Female,dance,false
Freedman,Heyworth,54,Male,jump,true
Garold,Iddon,78,Male,dance,true
Si,Carnier,19,Male,run,true
Leese,Estevez,19,Female,swim,true
Edmund,Leiden,52,Agender,dance,false
Ogdon,Beardall,90,Male,jump,false
Lowrance,Feldberger,79,Genderqueer,swim,false
Base,Mc Carroll,59,Male,dance,false
Gerianne,Mangon,94,Female,swim,false
Shandie,Pleasants,54,Female,run,true
Shawnee,Scandrett,100,Female,jump,false
Darci,Blei,21,Non-binary,jump,true
Clementine,Senogles,55,Female,jump,true
Cammy,Charlin,79,Male,dance,false
Elianore,Francecione,59,Female,swim,true
Reagen,Dumphreys,24,Male,jump,false
Esta,Wrathmell,44,Bigender,jump,false
Rheba,Rivilis,99,Polygender,run,true
Marty,D'Ambrosio,49,Female,swim,true
Jerrylee,Durrington,62,Genderqueer,swim,true
Olly,Spohr,58,Male,swim,true
Lesly,Stockton,61,Female,dance,false
Karalynn,Pflieger,66,Female,swim,false
Camila,Ligerton,82,Female,jump,true
Durand,Eunson,63,Male,jump,true
Abdul,Jannaway,43,Male,swim,false
Tabbatha,Chaucer,24,Female,jump,false
Alexandre,MacKonochie,65,Male,run,false
Kimble,Macknish,11,Male,dance,true
Vernon,Courson,24,Male,dance,false
Niven,Lyness,13,Male,dance,true
Gradeigh,Toten,95,Male,run,false
Cristionna,Roelvink,11,Female,run,true
Bessie,Freyn,99,Female,swim,false
Betteann,Hollyman,70,Female,run,false
Paula,McKall,48,Female,jump,false
Alric,Di Iorio,32,Male,jump,true
Reine,Grace,57,Female,jump,false
Cindie,Chason,70,Bigender,swim,false
Jacquelynn,Rankcom,46,Female,jump,false
Yovonnda,Giacovazzo,99,Female,run,true
Berkeley,Benkin,84,Male,run,false
Emory,Richards,90,Male,swim,false
Keelia,Hadaway,55,Female,jump,false
Randolf,Labell,67,Male,swim,true
Ciel,Angus,98,Female,jump,true
Violante,Crosgrove,79,Female,jump,true
Niccolo,Zorener,28,Male,dance,false
Brena,Grahame,39,Female,jump,true
Alano,Feehely,55,Male,dance,false
Ashby,Balmadier,70,Agender,run,true
Brockie,Willavoys,90,Polygender,dance,false
Mathilde,Sydney,28,Female,jump,true
Freddy,Kighly,55,Male,run,true
Jenine,Haslin,32,Female,run,true
Vinson,Murton,74,Male,swim,false
Shaylah,Plessing,71,Female,jump,true
Nadean,Bowcock,89,Agender,swim,true
Jacques,Ryam,49,Male,run,false
Nanine,Ferie,50,Female,swim,false
Lazare,Gentner,57,Male,run,false
Kristina,Bussey,64,Bigender,jump,false
Rozelle,Feron,17,Female,jump,true
Danya,Neal,46,Female,jump,false
Brandy,Froment,11,Female,run,true
Bertie,Beaconsall,84,Female,run,true
Jaimie,Chillingsworth,93,Female,swim,true
Lizzie,Somerset,37,Female,dance,false
Theadora,Gumb,68,Female,jump,true
Rodolfo,Cuphus,21,Male,swim,false
Kanya,Hullbrook,31,Female,swim,false
Jackie,Christiensen,97,Female,swim,false
Celestia,Haistwell,40,Female,run,true
Leicester,Chatburn,61,Male,jump,false
Alfy,Popescu,35,Male,run,false
Crissie,Curley,51,Female,jump,true
Alissa,Dunford,69,Female,run,false
Ernestus,Ewestace,100,Male,dance,true
Ingar,Belson,54,Male,swim,false
Kessia,Jandel,60,Female,run,true
Galina,Haresnape,31,Female,jump,false
Sargent,Camell,83,Male,run,true
Michale,Labbez,93,Male,swim,true
Annabel,Pendergast,46,Female,dance,false
Cesar,Schowenburg,94,Male,swim,false
Genevieve,Crampton,42,Female,swim,false
Brewer,Blaasch,72,Male,swim,true
Evanne,Casper,18,Female,run,false
Jeana,Kilmurray,73,Female,swim,true
Nannie,Guenther,68,Female,dance,true
Lanny,Maher,67,Male,swim,false
Luke,Bartels,53,Male,jump,false
Janie,Gentry,84,Female,dance,false
Alidia,Hars,73,Female,jump,false
Evie,Halpen,15,Female,dance,false
Evangelia,Wicher,16,Female,dance,false
Angeline,Folomin,63,Female,swim,false
Loise,Gillet,32,Female,run,false
Lily,Iianon,46,Female,jump,false
Heddi,Zink,46,Non-binary,run,true
Shelley,Yantsev,41,Female,dance,true
Jo-anne,Furlonge,85,Female,run,true
Benjamen,Gareisr,88,Male,run,true
Ruthann,Lafontaine,30,Female,swim,false
Herman,Stotherfield,49,Male,swim,true
Karee,Prout,100,Female,swim,false
Hagen,Thomen,19,Male,dance,true
Mirabel,MacKomb,74,Female,jump,false
Roselin,Fever,37,Female,dance,true
Antonino,Abele,66,Non-binary,dance,false
April,Babidge,90,Female,run,true
Adrea,Craney,61,Female,run,false
Pip,Trowell,89,Male,run,false
Mahala,Keiley,77,Female,dance,true
Raynor,Rimer,85,Male,swim,true
Bran,Semrad,91,Male,jump,true
Brenna,Bovaird,80,Female,dance,false
Audry,Normansell,85,Female,dance,true
Jo-ann,Boyet,91,Non-binary,dance,false
Catlin,Zannolli,62,Female,jump,false
Masha,Klagge,44,Female,swim,true
Zacherie,Sonner,22,Male,jump,true
Kent,Mathivat,88,Male,run,false
Octavia,Hardbattle,20,Female,swim,true
Ax,Champkin,27,Male,run,false
Che,Skein,78,Male,swim,false
Nickola,McMakin,27,Male,swim,false
Terri,Baylie,96,Male,swim,false
Guthry,Lindwasser,84,Male,swim,true
Galina,Farrar,25,Female,jump,false
Rhea,Woodroff,70,Female,swim,false
Bruno,Briereton,34,Male,swim,false
Essa,Bracco,16,Bigender,dance,false
Dana,McKevitt,35,Male,jump,false
Aaren,Lyddiard,41,Female,run,false
John,Lackham,50,Male,swim,true
Lanny,Beviss,96,Male,dance,true
Devlen,Olek,20,Male,dance,false
Roi,Gallatly,100,Male,swim,false
Brinna,Cumesky,49,Non-binary,swim,true
Kippar,Hardage,20,Male,jump,true
Bert,Diwell,56,Female,swim,false
Zsa zsa,Millsom,21,Female,swim,true
Bay,Portress,84,Male,jump,false
Lukas,Scherer,85,Male,jump,true
Constance,Kiendl,56,Female,run,false
Stanley,Cruz,72,Male,jump,false
Ibbie,Lauderdale,14,Female,jump,true
Dannel,Ree,16,Male,run,false
Felice,Serrier,30,Male,jump,true
Morry,Grendon,88,Male,swim,true
Abra,Gerran,19,Female,jump,true
Xaviera,Mooreed,26,Female,jump,false
Vanessa,Plaunch,48,Female,run,true
Stormie,Boulden,96,Female,run,true
Stavro,Scriver,54,Male,run,false
Kippy,Wreath,99,Genderfluid,jump,true
Sebastiano,Sleightholm,65,Male,jump,false
Torey,Masurel,98,Male,dance,true
Dominique,Graves,86,Female,jump,true
Orland,Byrd,65,Male,run,true
Sile,Wattinham,71,Female,run,false
Kristan,Rubel,94,Female,jump,true
Richy,Strain,67,Male,swim,false
Galvin,Buffin,97,Male,swim,true
Spence,Iglesias,60,Male,dance,false
Kristos,Cossem,15,Male,swim,true
Cornie,Cardoso,43,Male,jump,false
Yolande,Symones,66,Female,swim,false
Derry,Kiss,43,Male,jump,true
Harlie,Idill,19,Female,swim,true
Johnny,Ingerith,40,Male,jump,false
Herb,Howson,27,Male,dance,false
Byrann,Jessel,73,Male,swim,false
Erinn,Arrol,77,Female,jump,true
Alvis,Label,66,Male,dance,false
Ernie,Rizzotto,23,Male,run,false
Cthrine,Rewbottom,63,Female,dance,false
Lemuel,Izod,19,Non-binary,jump,false
Willa,Tilliards,71,Female,dance,true
Avictor,English,67,Male,jump,true
Randell,Nance,10,Male,run,true
Maxie,Crux,15,Female,jump,true
Lesley,McClosh,41,Male,swim,true
Jobie,Garden,91,Female,dance,true
Bartholomew,Muggleton,95,Male,dance,true
Adelaida,Jess,17,Female,jump,false
Jeno,Lamblin,100,Male,swim,false
Queenie,Whitebread,46,Genderqueer,jump,false
Starlin,Titcomb,98,Female,run,false
Ludvig,Binton,27,Male,dance,false
Alec,McLaughlan,29,Male,run,true
Harvey,Tabrett,52,Polygender,swim,false
Vance,Vakhlov,36,Male,jump,false
Wyatt,Bemment,26,Male,jump,false
Spencer,Immer,79,Male,jump,true
Malchy,Colls,94,Male,jump,true
Willow,Havers,24,Female,run,false
Monte,Broad,60,Male,swim,true
Aldin,MacGibbon,42,Male,jump,true
Jerald,Syddon,33,Male,jump,false
Monti,Ellinor,13,Male,jump,true
Richard,Capaldo,73,Male,dance,false
Freida,Siward,49,Female,swim,true
Mallory,Riolfi,81,Female,swim,true
Selinda,Benzing,28,Female,run,false
Peyton,Kubek,22,Male,dance,true
Missy,Moogan,38,Female,run,false
Janina,Bloy,18,Female,dance,false
Aksel,Deery,10,Male,jump,true
Caterina,Kemster,82,Female,dance,true
Roselin,Hunston,10,Female,dance,false
Margalit,Carlin,66,Genderqueer,swim,true
Nicko,Cottesford,16,Male,dance,true
Nissa,Masselin,88,Female,swim,false
Thea,Sweeting,70,Female,dance,false
Corney,Worster,21,Male,jump,false
Tandy,Heak,56,Female,swim,true
Jemie,Wudeland,74,Female,run,false
Scottie,Barg,75,Male,jump,true
Lurline,Holcroft,100,Female,jump,true
Finn,Willoughby,29,Male,run,false
Murvyn,McEntegart,18,Genderqueer,jump,true
Vikky,Juniper,46,Polygender,dance,true
Jasper,Postin,55,Male,jump,true
Finn,Manssuer,73,Male,dance,true
Rori,Gynn,44,Female,jump,false
Wilmer,Beszant,38,Male,swim,true
Gauthier,de Courcey,31,Male,dance,false
Ranique,Shorto,66,Female,dance,false
Teri,Kivell,61,Female,jump,true
Zollie,McGivena,40,Male,swim,true
Cal,Bigglestone,55,Male,swim,true
Joni,Jukes,64,Female,swim,false
Vernon,Elce,75,Male,swim,false
Doti,Pogue,61,Female,run,true
Will,McPake,83,Male,dance,false
Arman,Bruckstein,55,Male,swim,false
Maxy,Cowley,42,Female,jump,false
Lelah,Marlin,51,Female,run,true
Auberta,Wigginton,25,Female,jump,true
Zechariah,Vlach,91,Male,run,false
Leland,Offield,39,Female,run,true
Frankie,Cleveley,98,Genderfluid,swim,true
Galvan,Stonhewer,27,Male,jump,false
Winnie,Dan,22,Female,swim,false
Sutton,Farrears,79,Male,run,false
Onida,Esposita,32,Female,swim,true
Chrotoem,Perel,72,Male,swim,false
Moishe,Cawthry,22,Male,swim,false
Peggie,Jakoubec,83,Female,dance,false
Alf,Noteyoung,44,Male,dance,false
Opal,Slorach,58,Agender,dance,true
Judah,Dahlbom,33,Male,swim,true
Letti,Struan,77,Female,swim,true
Berry,Gandey,67,Female,dance,false
Jarvis,Rough,75,Male,jump,true
Mano,Maslen,97,Male,swim,true
Lillian,Prigg,60,Female,swim,true
Tore,Jozefowicz,23,Agender,swim,false
Hildegarde,Ayris,62,Female,jump,false
Glyn,Chadderton,57,Male,dance,false
Douglass,Lumbers,78,Male,swim,true
Siegfried,Durrell,100,Male,dance,true
Albert,Aldous,91,Male,swim,false
Susann,Eagger,40,Female,jump,false
Gregg,O'Looney,40,Polygender,jump,false
Husain,Radbourne,71,Male,run,false
Addison,Wiszniewski,58,Male,run,true
Orazio,Starte,54,Male,jump,true
Rita,Coonihan,83,Female,run,false
Davidson,Argue,31,Male,dance,false
Dusty,Caddock,66,Female,run,true
Gail,Penddreth,81,Male,swim,false
Isador,Veazey,51,Male,swim,false
Ebeneser,Simkin,35,Male,jump,true
Nanci,Earpe,33,Female,dance,true
Vite,Verheyden,29,Male,swim,true
Adina,Woodburne,19,Female,dance,false
Minda,Zarb,34,Female,run,true
Leland,Housegoe,36,Female,swim,false
Willie,Rickersy,74,Genderfluid,jump,false
Kelby,Sabathe,51,Male,jump,true
Terry,Lillyman,24,Female,swim,true
Lannie,Heinsius,96,Male,jump,true
Mirabelle,O'Luby,95,Female,jump,true
Ker,Sallenger,40,Male,swim,false
Padriac,Chuck,15,Male,run,true
Jamie,Palek,98,Female,jump,true
Marv,McAlester,23,Male,jump,true
Lorri,Hatherill,74,Polygender,swim,false
Mathe,Cottle,59,Male,run,true
Amity,Dawton,54,Female,dance,false
Vachel,Tutsell,87,Male,jump,true
Alexia,Fedynski,49,Female,dance,true
Ulrika,Izakson,80,Female,swim,false
Freddie,Farrier,17,Female,jump,true
Gerianne,Fiander,94,Female,swim,true
Honoria,McAdam,50,Female,dance,true
Zane,Cavalier,59,Male,run,false
Aubrey,Hedge,88,Male,dance,false
Lyn,Falkner,12,Female,dance,true
Horten,Shipman,86,Male,run,false
Chiquita,Norkett,51,Female,swim,false
Lemuel,Rait,13,Male,jump,true
Ramsay,Endon,48,Male,jump,false
Barbabra,Lotherington,71,Female,swim,false
Henrik,Inott,97,Male,run,false
Melantha,Klimke,21,Polygender,swim,true
Erma,Niesel,100,Non-binary,run,false
Ezechiel,Aldwich,70,Male,run,false
Tallie,Mourgue,31,Female,dance,true
Johann,Heaslip,52,Male,dance,true
Marlo,Mulvaney,30,Male,swim,true
Jaimie,Shenton,91,Male,dance,false
Chester,Togher,56,Male,dance,false
Lotti,Lampard,74,Female,jump,true
Delores,Barizeret,13,Female,jump,false
Keely,Comelini,31,Female,run,false
Wilhelmine,Colson,55,Female,swim,false
Oates,Wollrauch,39,Male,run,false
Mercedes,Henstone,41,Female,jump,false
Kristofor,Furness,74,Male,jump,true
Pansy,Kettlewell,96,Female,dance,true
Della,Machel,65,Female,dance,true
Horacio,Woodlands,97,Male,dance,false
Smith,Madoc-Jones,53,Male,run,false
Candy,Paulino,77,Genderqueer,jump,true
Serene,Tween,57,Female,run,false
Dalton,Sweeny,32,Male,swim,true
Anna-maria,Shrive,32,Female,run,false
Fabien,Van Halen,96,Male,dance,false
Tessie,Kilbee,71,Female,run,true
Rica,Routledge,96,Female,swim,true
Calypso,Bourke,87,Bigender,dance,true
Rachele,Furby,72,Female,swim,false
Kellen,Dunrige,20,Male,run,false
Veriee,Persicke,19,Female,jump,false
Lowell,Matuszkiewicz,42,Male,dance,true
Richmound,Barabisch,35,Male,run,false
Hope,Jancso,61,Female,swim,false
Joella,Woofinden,76,Female,run,true
Rodolph,Tolley,25,Male,jump,false
Ealasaid,Hillam,23,Agender,run,true
Molly,Lowers,46,Agender,dance,false
Osmund,Wardington,58,Male,dance,false
Ina,Ondricek,24,Female,swim,false
Gino,Jansky,85,Male,swim,false
Mufinella,Gerrelts,58,Female,jump,true
Virgie,Horrell,74,Female,jump,false
Ephrayim,Kinlock,64,Male,swim,true
Briggs,Dalbey,43,Male,run,true
Bastien,Goldie,38,Male,swim,true
Swen,Macquire,56,Male,run,false
Marlow,Trembath,14,Male,swim,true
Peg,Bozward,78,Female,run,true
Idalia,Gorler,84,Female,jump,false
Somerset,Larsen,28,Male,dance,true
Lenci,Rubinowicz,62,Agender,run,false
Cele,Tilney,12,Female,swim,false
Netta,Haddinton,26,Female,dance,false
Sandro,Philpin,30,Male,swim,false
Hewet,Vayro,57,Male,run,false
Delly,Speer,87,Female,swim,false
Remus,Gurling,73,Male,dance,true
Cathrine,McErlaine,42,Non-binary,swim,false
Natka,Spacey,10,Female,dance,false
Henry,Sawter,79,Male,jump,false
Idelle,Vezey,59,Female,swim,false
Gustav,Westmacott,37,Male,swim,false
Christophorus,Prendeguest,38,Male,run,false
Yard,Hussey,64,Male,dance,false
Carlina,Pehrsson,13,Female,swim,false
Nari,Flatte,36,Female,jump,false
Zed,Dignan,30,Male,jump,true
Gordie,Wingatt,52,Male,run,true
Dunn,Giacomello,46,Male,swim,true
Burlie,Routley,78,Male,dance,true
Toddy,Filipic,21,Male,swim,false
Merline,Beauchamp,82,Female,run,true
Renae,Crimin,10,Female,run,true
Marvin,Schukert,87,Male,swim,false
Sula,Lovegrove,48,Female,dance,true
Dale,Dulson,38,Female,run,false
Laurette,Barley,71,Female,swim,false
Carlen,Godlip,84,Female,dance,true
Egor,O'Sesnane,39,Male,jump,false
Kele,Gowthorpe,39,Male,dance,false
Lexine,Cade,81,Female,swim,true
Stormie,Grigsby,34,Female,jump,false
Even,Madelin,54,Male,run,true
Carlye,Philpot,23,Female,dance,false
Hansiain,Chapple,80,Male,run,true
Cyril,Craydon,95,Male,jump,false
Mirna,Uccello,30,Female,dance,true
Cullan,Mordy,18,Male,run,true
Desirae,Phelipeaux,45,Female,dance,false
Rodolfo,Huygens,82,Male,dance,false
Arabele,Ledford,55,Genderfluid,jump,false
Ira,Alejandro,45,Female,jump,false
Cchaddie,Bradburne,68,Male,run,true
Ninnette,Tunno,49,Female,dance,true
Joanne,Deniseau,18,Female,swim,true
Zia,Lamshead,40,Female,swim,false
Thain,Handlin,52,Male,swim,true
Alix,Jedrzejewski,65,Bigender,dance,true
Errick,Webb,34,Male,dance,true
Morna,Irwin,28,Female,jump,false
Zacharia,Riddich,72,Male,run,true
Frederich,Reaney,45,Male,swim,false
Ransom,Rudram,10,Male,dance,false
Welch,Beernt,45,Male,dance,true
Major,Goodred,38,Male,jump,false
